poi_id,avg_distane_in_km,stddev_samp(CAST(distance_in_km AS DOUBLE))
POI4,29425.62608150266,104098.6235130106
POI1,15414.345905471424,13136.421298033587
POI3,28577.396111077924,21350.12425954785
