poi_id,circle_area
POI4,1.5185515655746812E12
POI1,4.798317228682866E10
POI3,1.225614795631865E12
